{"cameraMode":{"drawMode":0,"name":"Shaded","section":"Shading Mode"},"sceneLighting":true,"audioPlay":false,"sceneViewState":{"showFog":false,"showMaterialUpdate":false,"showSkybox":false,"showFlares":false,"showImageEffects":false,"showParticleSystems":false},"in2DMode":false,"pivot":{"x":-2.196000099182129,"y":3.738499879837036,"z":-10.01200008392334},"rotation":{"x":-0.16609007120132447,"y":0.30902099609375,"z":-0.05485162511467934,"w":-0.9348788261413574},"size":18.65688705444336,"orthographic":false}